Model,R²,Adjusted_R²,Formula
Additive,0.7332824211655229,0.5999236317482843,0.0544*NiKo + -1.0853*kyousuke
Multiplicative,0.17508635984417642,0.01010363181301166,-0.2497*(NiKo*kyousuke)
Full_Interactions,0.830108956452922,0.6602179129058441,See coefficients
Simplified_Interactions,0.830108956452922,0.6602179129058441,See coefficients
