Model,R²,Adjusted_R²,Formula
Additive,0.44209914900773317,0.25613219867697756,0.1725*m0NESY + 0.1337*NiKo
Multiplicative,0.3493607003537502,0.2564122289757146,0.0061*(m0NESY*NiKo)
Full_Interactions,0.47300333924922844,0.15680534279876546,See coefficients
Simplified_Interactions,0.47300333924922844,0.15680534279876546,See coefficients
