Model,R²,Adjusted_R²,Formula
Additive,0.628570137383248,0.5224473194927474,1.0010*m0NESY + 0.1773*NiKo
Multiplicative,0.27631849255393603,0.18585830412317805,0.3913*(m0NESY*NiKo)
Full_Interactions,0.6352823129722,0.45292346945829987,See coefficients
Simplified_Interactions,0.6352823129722,0.45292346945829987,See coefficients
