Model,R²,Adjusted_R²,Formula
Additive,0.6543116177785593,0.5555435085724334,1.0748*m0NESY + 0.2173*NiKo
Multiplicative,0.306867207767649,0.22022560873860508,0.4351*(m0NESY*NiKo)
Full_Interactions,0.6620893345743966,0.49313400186159484,See coefficients
Simplified_Interactions,0.6620893345743966,0.49313400186159484,See coefficients
